{"0": {"Dummy": {"AUC": [0.31666666666666665, 0.008784104611578848], "F1": [0.0, 0.0], "Precision": [0.0, 0.0], "Recall": [0.0, 0.0]}, "GaussianNB": {"AUC": [0.5944444444444444, 0.19004615532092034], "F1": [0.3702525252525253, 0.1486695847228645], "Precision": [0.241031746031746, 0.09510650079599811], "Recall": [0.8333333333333334, 0.3600411499115478]}, "KNeighbors": {"AUC": [0.49444444444444446, 0.12622853075001958], "F1": [0.11666666666666667, 0.24907235301622102], "Precision": [0.15, 0.3374742788552764], "Recall": [0.1, 0.21081851067789198]}, "SVC": {"AUC": [0.5590277777777778, 0.1889731225581636], "F1": [0.29666666666666663, 0.2768651675232085], "Precision": [0.30833333333333335, 0.3287884606427845], "Recall": [0.3333333333333333, 0.33333333333333337]}, "DecisionTree": {"AUC": [0.5694444444444444, 0.17458062624967408], "F1": [0.23, 0.3191230267041843], "Precision": [0.24166666666666667, 0.3610042576952162], "Recall": [0.25, 0.3535533905932738]}, "RandomForest": {"AUC": [0.48125, 0.04218428485690955], "F1": [0.0, 0.0], "Precision": [0.0, 0.0], "Recall": [0.0, 0.0]}, "XGB": {"AUC": [0.5215277777777778, 0.13275215737631477], "F1": [0.18333333333333332, 0.24152294576982397], "Precision": [0.175, 0.23717082451262844], "Recall": [0.2, 0.2581988897471611]}}}