{"0": {"Dummy": {"AUC": [0.31666666666666665, 0.008784104611578848], "F1": [0.0, 0.0], "Precision": [0.0, 0.0], "Recall": [0.0, 0.0]}, "GaussianNB": {"AUC": [0.6076388888888888, 0.11350856777727283], "F1": [0.3838888888888889, 0.08936792217794533], "Precision": [0.24833333333333332, 0.05499776673814053], "Recall": [0.8833333333333333, 0.24907235301622105]}, "KNeighbors": {"AUC": [0.4673611111111111, 0.12846909405601029], "F1": [0.12333333333333334, 0.2024845673131659], "Precision": [0.10833333333333334, 0.18446619684315546], "Recall": [0.15, 0.24152294576982397]}, "SVC": {"AUC": [0.4895833333333333, 0.18712095889527586], "F1": [0.13, 0.28303906287138375], "Precision": [0.11666666666666667, 0.24907235301622102], "Recall": [0.15, 0.3374742788552764]}, "DecisionTree": {"AUC": [0.5375, 0.17251816468643646], "F1": [0.20666666666666667, 0.2853630998665246], "Precision": [0.21666666666666667, 0.3337959752399956], "Recall": [0.23333333333333334, 0.34426518632954817]}, "RandomForest": {"AUC": [0.5354166666666667, 0.09524274542218716], "F1": [0.11666666666666667, 0.24907235301622102], "Precision": [0.2, 0.42163702135578396], "Recall": [0.08333333333333333, 0.18002057495577392]}, "XGB": {"AUC": [0.4909722222222222, 0.16550683111401976], "F1": [0.15, 0.24152294576982397], "Precision": [0.13333333333333333, 0.2194268628681278], "Recall": [0.2, 0.34960294939005054]}}}