{"0": {"Dummy": {"AUC": [0.31666666666666665, 0.008784104611578848], "F1": [0.0, 0.0], "Precision": [0.0, 0.0], "Recall": [0.0, 0.0]}, "GaussianNB": {"AUC": [0.5916666666666667, 0.1638064764543669], "F1": [0.3823809523809524, 0.1350553327001068], "Precision": [0.25952380952380955, 0.10269730869601151], "Recall": [0.7666666666666666, 0.25092421756969363]}, "KNeighbors": {"AUC": [0.6506944444444445, 0.1073360435015559], "F1": [0.39999999999999997, 0.2854496128592251], "Precision": [0.5, 0.408248290463863], "Recall": [0.35, 0.24152294576982397]}, "SVC": {"AUC": [0.6256944444444444, 0.11069801681116932], "F1": [0.36333333333333334, 0.26641191535285225], "Precision": [0.4166666666666667, 0.3706017795590648], "Recall": [0.35, 0.24152294576982397]}, "DecisionTree": {"AUC": [0.6180555555555556, 0.16599013927775516], "F1": [0.3604761904761905, 0.28747298228786206], "Precision": [0.35, 0.3258417399692262], "Recall": [0.4166666666666667, 0.3263150034575203]}, "RandomForest": {"AUC": [0.5875, 0.11486707293408518], "F1": [0.23333333333333334, 0.3063121944908938], "Precision": [0.3, 0.4216370213557839], "Recall": [0.2, 0.2581988897471611]}, "XGB": {"AUC": [0.475, 0.1009110590477299], "F1": [0.09, 0.19119507199599983], "Precision": [0.13333333333333333, 0.32203059435976533], "Recall": [0.08333333333333333, 0.18002057495577392]}}}