{"0": {"Dummy": {"AUC": [0.31666666666666665, 0.008784104611578848], "F1": [0.0, 0.0], "Precision": [0.0, 0.0], "Recall": [0.0, 0.0]}, "GaussianNB": {"AUC": [0.6013888888888889, 0.19740362896807853], "F1": [0.37772727272727274, 0.1564125187862463], "Precision": [0.24777777777777776, 0.1023456045510459], "Recall": [0.8333333333333334, 0.3600411499115478]}, "KNeighbors": {"AUC": [0.5451388888888888, 0.10769487791160294], "F1": [0.18, 0.23475755815545346], "Precision": [0.16666666666666666, 0.22222222222222224], "Recall": [0.2, 0.2581988897471611]}, "SVC": {"AUC": [0.5263888888888889, 0.13926646208716975], "F1": [0.16666666666666666, 0.2721655269759087], "Precision": [0.2, 0.34960294939005054], "Recall": [0.15, 0.24152294576982397]}, "DecisionTree": {"AUC": [0.5125, 0.14373490258883617], "F1": [0.16666666666666666, 0.28327886186626583], "Precision": [0.225, 0.415832498329155], "Recall": [0.15, 0.24152294576982397]}, "RandomForest": {"AUC": [0.49375, 0.01976423537605237], "F1": [0.0, 0.0], "Precision": [0.0, 0.0], "Recall": [0.0, 0.0]}, "XGB": {"AUC": [0.6555555555555556, 0.15755031639062925], "F1": [0.43, 0.28303906287138375], "Precision": [0.43333333333333335, 0.2854496128592251], "Recall": [0.43333333333333335, 0.2854496128592251]}}}