{"0": {"Dummy": {"AUC": [0.31666666666666665, 0.008784104611578848], "F1": [0.0, 0.0], "Precision": [0.0, 0.0], "Recall": [0.0, 0.0]}, "GaussianNB": {"AUC": [0.6326388888888889, 0.08853674943983286], "F1": [0.40106060606060606, 0.06754365269376338], "Precision": [0.2584920634920635, 0.0395713610100652], "Recall": [0.9333333333333333, 0.21081851067789198]}, "KNeighbors": {"AUC": [0.5194444444444445, 0.1098891135825138], "F1": [0.14, 0.2270584848790187], "Precision": [0.13333333333333333, 0.2194268628681278], "Recall": [0.15, 0.24152294576982397]}, "SVC": {"AUC": [0.5763888888888888, 0.15221557613679254], "F1": [0.3119047619047619, 0.2987439060312001], "Precision": [0.4033333333333333, 0.4440136801362635], "Recall": [0.2833333333333333, 0.24907235301622105]}, "DecisionTree": {"AUC": [0.5819444444444445, 0.1615336094931478], "F1": [0.3, 0.2810913475705226], "Precision": [0.3, 0.338387607396468], "Recall": [0.36666666666666664, 0.3496029493900505]}, "RandomForest": {"AUC": [0.5479166666666666, 0.09969571761671166], "F1": [0.15666666666666668, 0.26012817353502227], "Precision": [0.2, 0.34960294939005054], "Recall": [0.13333333333333333, 0.2194268628681278]}, "XGB": {"AUC": [0.5986111111111111, 0.13907395078161916], "F1": [0.33, 0.3008013987359126], "Precision": [0.43333333333333335, 0.43885372573625553], "Recall": [0.2833333333333333, 0.24907235301622105]}}}