{"0": {"Dummy": {"AUC": [0.31666666666666665, 0.008784104611578848], "F1": [0.0, 0.0], "Precision": [0.0, 0.0], "Recall": [0.0, 0.0]}, "GaussianNB": {"AUC": [0.6013888888888889, 0.19740362896807853], "F1": [0.37772727272727274, 0.1564125187862463], "Precision": [0.24777777777777776, 0.1023456045510459], "Recall": [0.8333333333333334, 0.3600411499115478]}, "KNeighbors": {"AUC": [0.55625, 0.12337984677904594], "F1": [0.2633333333333333, 0.23277711482271016], "Precision": [0.25, 0.22566773346211], "Recall": [0.2833333333333333, 0.24907235301622105]}, "SVC": {"AUC": [0.5756944444444444, 0.19044751148185063], "F1": [0.305, 0.3032794009848483], "Precision": [0.31166666666666665, 0.34570111260922964], "Recall": [0.3333333333333333, 0.33333333333333337]}, "DecisionTree": {"AUC": [0.6131944444444445, 0.15448852788124295], "F1": [0.31666666666666665, 0.3003084833719907], "Precision": [0.31666666666666665, 0.3374742788552764], "Recall": [0.35, 0.3374742788552764]}, "RandomForest": {"AUC": [0.5111111111111111, 0.0942672629942547], "F1": [0.1, 0.21081851067789198], "Precision": [0.15, 0.3374742788552764], "Recall": [0.08333333333333333, 0.18002057495577392]}, "XGB": {"AUC": [0.6777777777777778, 0.16210977203518734], "F1": [0.47333333333333333, 0.2997117957202004], "Precision": [0.5, 0.34246744460938755], "Recall": [0.4666666666666667, 0.29186501192363773]}}}