{"0": {"Dummy": {"AUC": [0.31666666666666665, 0.008784104611578848], "F1": [0.0, 0.0], "Precision": [0.0, 0.0], "Recall": [0.0, 0.0]}, "GaussianNB": {"AUC": [0.6, 0.15080800892378216], "F1": [0.37873015873015875, 0.12210924942143686], "Precision": [0.25523809523809526, 0.0827134922119889], "Recall": [0.7833333333333333, 0.28382310609877337]}, "KNeighbors": {"AUC": [0.6451388888888889, 0.1692650461973692], "F1": [0.39666666666666667, 0.32335051500740736], "Precision": [0.4166666666666667, 0.3706017795590648], "Recall": [0.4, 0.31622776601683794]}, "SVC": {"AUC": [0.6111111111111112, 0.10174657859183292], "F1": [0.30666666666666664, 0.2716206504995115], "Precision": [0.35, 0.3374742788552764], "Recall": [0.2833333333333333, 0.24907235301622105]}, "DecisionTree": {"AUC": [0.6597222222222222, 0.11335504209903048], "F1": [0.43666666666666665, 0.2555313998245544], "Precision": [0.48333333333333334, 0.3374742788552764], "Recall": [0.4166666666666667, 0.22566773346211]}, "RandomForest": {"AUC": [0.5631944444444444, 0.11868703658917847], "F1": [0.18333333333333332, 0.2986595567936802], "Precision": [0.25, 0.42491829279939874], "Recall": [0.15, 0.24152294576982397]}, "XGB": {"AUC": [0.4826388888888889, 0.0958484287627935], "F1": [0.08, 0.16865480854231357], "Precision": [0.06666666666666667, 0.1405456737852613], "Recall": [0.1, 0.21081851067789198]}}}