{"0": {"Dummy": {"AUC": [0.31666666666666665, 0.008784104611578848], "F1": [0.0, 0.0], "Precision": [0.0, 0.0], "Recall": [0.0, 0.0]}, "GaussianNB": {"AUC": [0.7048611111111112, 0.13338837919802252], "F1": [0.5033333333333333, 0.21571013930163518], "Precision": [0.5166666666666666, 0.3088209357708288], "Recall": [0.5666666666666667, 0.2854496128592251]}, "KNeighbors": {"AUC": [0.675, 0.17122746364783376], "F1": [0.44666666666666666, 0.30274464650535826], "Precision": [0.45, 0.3429177636002437], "Recall": [0.48333333333333334, 0.3374742788552764]}, "SVC": {"AUC": [0.6451388888888889, 0.08444792167142286], "F1": [0.39666666666666667, 0.22135943621178655], "Precision": [0.4166666666666667, 0.28598972613852774], "Recall": [0.4, 0.21081851067789195]}, "DecisionTree": {"AUC": [0.6694444444444444, 0.1700467437551463], "F1": [0.4504761904761905, 0.2679410215522929], "Precision": [0.5233333333333333, 0.3855571565768872], "Recall": [0.48333333333333334, 0.3374742788552764]}, "RandomForest": {"AUC": [0.6375, 0.12076147288491199], "F1": [0.36666666666666664, 0.3220305943597653], "Precision": [0.5, 0.4714045207910317], "Recall": [0.3, 0.2581988897471611]}, "XGB": {"AUC": [0.6104166666666666, 0.10938326688334955], "F1": [0.3466666666666667, 0.26209036232698707], "Precision": [0.4083333333333333, 0.3736085295243316], "Recall": [0.3333333333333333, 0.23570226039551584]}}}