{"0": {"Dummy": {"AUC": [0.31666666666666665, 0.008784104611578848], "F1": [0.0, 0.0], "Precision": [0.0, 0.0], "Recall": [0.0, 0.0]}, "GaussianNB": {"AUC": [0.7048611111111112, 0.13338837919802252], "F1": [0.5033333333333333, 0.21571013930163518], "Precision": [0.5166666666666666, 0.3088209357708288], "Recall": [0.5666666666666667, 0.2854496128592251]}, "KNeighbors": {"AUC": [0.66875, 0.16931568929252708], "F1": [0.43, 0.29374129879416677], "Precision": [0.4, 0.2854496128592251], "Recall": [0.48333333333333334, 0.3374742788552764]}, "SVC": {"AUC": [0.6319444444444444, 0.17430417219459907], "F1": [0.36333333333333334, 0.3263906619337184], "Precision": [0.4166666666666667, 0.4025382429497066], "Recall": [0.35, 0.3374742788552764]}, "DecisionTree": {"AUC": [0.6694444444444444, 0.1700467437551463], "F1": [0.4504761904761905, 0.2679410215522929], "Precision": [0.5233333333333333, 0.3855571565768872], "Recall": [0.48333333333333334, 0.3374742788552764]}, "RandomForest": {"AUC": [0.6375, 0.12076147288491199], "F1": [0.36666666666666664, 0.3220305943597653], "Precision": [0.5, 0.4714045207910317], "Recall": [0.3, 0.2581988897471611]}, "XGB": {"AUC": [0.6104166666666666, 0.10938326688334955], "F1": [0.3466666666666667, 0.26209036232698707], "Precision": [0.4083333333333333, 0.3736085295243316], "Recall": [0.3333333333333333, 0.23570226039551584]}}}