{"0": {"Dummy": {"AUC": [0.31666666666666665, 0.008784104611578848], "F1": [0.0, 0.0], "Precision": [0.0, 0.0], "Recall": [0.0, 0.0]}, "GaussianNB": {"AUC": [0.6965277777777777, 0.128051320864075], "F1": [0.48833333333333334, 0.20728253516086695], "Precision": [0.4766666666666667, 0.24946857096883882], "Recall": [0.55, 0.28382310609877337]}, "KNeighbors": {"AUC": [0.675, 0.12537666158513391], "F1": [0.45, 0.24907235301622102], "Precision": [0.55, 0.3689323936863109], "Recall": [0.43333333333333335, 0.2854496128592251]}, "SVC": {"AUC": [0.6680555555555555, 0.11362888116031442], "F1": [0.47333333333333333, 0.26703678019199645], "Precision": [0.6833333333333333, 0.43354695589170383], "Recall": [0.3833333333333333, 0.20861092617242874]}, "DecisionTree": {"AUC": [0.6319444444444444, 0.15953760129734051], "F1": [0.31333333333333335, 0.2842360347612352], "Precision": [0.2833333333333333, 0.24907235301622105], "Recall": [0.3833333333333333, 0.3932297415374753]}, "RandomForest": {"AUC": [0.6541666666666667, 0.11076334465209381], "F1": [0.41666666666666663, 0.2965855070008697], "Precision": [0.6, 0.45946829173634074], "Recall": [0.3333333333333333, 0.23570226039551584]}, "XGB": {"AUC": [0.6875, 0.1294641801306441], "F1": [0.48333333333333334, 0.26585524697789775], "Precision": [0.65, 0.4116363011742823], "Recall": [0.43333333333333335, 0.2854496128592251]}}}