{"0": {"Dummy": {"AUC": [0.31666666666666665, 0.008784104611578848], "F1": [0.0, 0.0], "Precision": [0.0, 0.0], "Recall": [0.0, 0.0]}, "GaussianNB": {"AUC": [0.7215277777777778, 0.14586823509456126], "F1": [0.5090476190476191, 0.2216824510318533], "Precision": [0.4583333333333333, 0.18941919023591466], "Recall": [0.6, 0.31622776601683794]}, "KNeighbors": {"AUC": [0.6715277777777777, 0.12028353349214213], "F1": [0.43666666666666665, 0.2584139659108574], "Precision": [0.5, 0.3849001794597505], "Recall": [0.45, 0.28382310609877337]}, "SVC": {"AUC": [0.6881944444444444, 0.12540443831120232], "F1": [0.49666666666666665, 0.23064589930063256], "Precision": [0.575, 0.3434798321033251], "Recall": [0.48333333333333334, 0.24152294576982397]}, "DecisionTree": {"AUC": [0.7534722222222222, 0.1548419062996257], "F1": [0.5804761904761905, 0.2898071052031911], "Precision": [0.59, 0.3307492429747876], "Recall": [0.6166666666666667, 0.314760343871451]}, "RandomForest": {"AUC": [0.64375, 0.12517349071499834], "F1": [0.3833333333333333, 0.3337959752399956], "Precision": [0.55, 0.49721446300587663], "Recall": [0.3, 0.2581988897471611]}, "XGB": {"AUC": [0.6909722222222222, 0.10368975187233813], "F1": [0.49714285714285716, 0.19673833199811327], "Precision": [0.54, 0.29805956816186846], "Recall": [0.5166666666666666, 0.24152294576982397]}}}