{"0": {"Dummy": {"AUC": [0.31666666666666665, 0.008784104611578848], "F1": [0.0, 0.0], "Precision": [0.0, 0.0], "Recall": [0.0, 0.0]}, "GaussianNB": {"AUC": [0.7090277777777778, 0.13944525908472877], "F1": [0.5157142857142857, 0.23055849245458887], "Precision": [0.5416666666666666, 0.3074436614052591], "Recall": [0.55, 0.28382310609877337]}, "KNeighbors": {"AUC": [0.6784722222222223, 0.14622045912948847], "F1": [0.45666666666666667, 0.2806737924669451], "Precision": [0.48333333333333334, 0.34649924732250387], "Recall": [0.4666666666666667, 0.29186501192363773]}, "SVC": {"AUC": [0.6875, 0.12019217579395527], "F1": [0.49, 0.22665032620839168], "Precision": [0.5666666666666667, 0.34426518632954817], "Recall": [0.48333333333333334, 0.24152294576982397]}, "DecisionTree": {"AUC": [0.6076388888888888, 0.15910879250759083], "F1": [0.31523809523809526, 0.30410643798443787], "Precision": [0.37, 0.40504534115955676], "Recall": [0.3333333333333333, 0.33333333333333337]}, "RandomForest": {"AUC": [0.7020833333333333, 0.11199733379763009], "F1": [0.53, 0.2882257345798152], "Precision": [0.75, 0.42491829279939874], "Recall": [0.4166666666666667, 0.22566773346211]}, "XGB": {"AUC": [0.6402777777777777, 0.12799900333974118], "F1": [0.36333333333333334, 0.3263906619337184], "Precision": [0.45, 0.43779751788545657], "Recall": [0.31666666666666665, 0.27722166555277]}}}