{"0": {"XGB": {"AUC": [0.8368798176796116, 0.00621639100080758], "F1": [0.7314146095209586, 0.0122991629104888], "Precision": [0.7796156225784538, 0.03388671891950263], "Recall": [0.6895611558911222, 0.01441037086720415]}}}