{"0": {"GaussianNB": {"AUC": [0.6399911816578483, 0.1109147557438662], "F1": [0.4492753623188406, 0.18840579710144925], "Precision": [0.48333333333333334, 0.2843120351538664], "Recall": [0.47619047619047616, 0.1649572197684645]}, "KNeighbors": {"AUC": [0.5, 0.0], "F1": [0.0, 0.0], "Precision": [0.0, 0.0], "Recall": [0.0, 0.0]}, "SVC": {"AUC": [0.8917548500881834, 0.15598420302028687], "F1": [0.8, 0.23094010767585033], "Precision": [0.75, 0.21650635094610965], "Recall": [0.8571428571428571, 0.24743582965269675]}, "DecisionTree": {"AUC": [0.5388007054673721, 0.2090672523843026], "F1": [0.196078431372549, 0.33961780540566217], "Precision": [0.16666666666666666, 0.2886751345948129], "Recall": [0.2380952380952381, 0.41239304942116123]}, "RandomForest": {"AUC": [0.6369047619047619, 0.14322868351804718], "F1": [0.3757575757575758, 0.36424192003192046], "Precision": [0.5555555555555556, 0.5091750772173156], "Recall": [0.2857142857142857, 0.2857142857142857]}, "XGB": {"AUC": [0.6770282186948854, 0.14419860160498368], "F1": [0.4606060606060606, 0.24143738529747985], "Precision": [0.5705128205128205, 0.38669310594501727], "Recall": [0.47619047619047616, 0.3595159254890833]}}}