{"0": {"Dummy": {"AUC": [0.5, 0.0], "F1": [0.40380952380952384, 0.06509097844502505], "Precision": [0.3333333333333333, 0.06804138174397717], "Recall": [0.5166666666666666, 0.05270462766947298]}, "GaussianNB": {"AUC": [0.7347222222222223, 0.23406086057700173], "F1": [0.5866666666666667, 0.2872603671210467], "Precision": [0.5666666666666667, 0.3063121944908938], "Recall": [0.65, 0.3374742788552764]}, "KNeighbors": {"AUC": [0.7263888888888889, 0.19315045629102742], "F1": [0.4633333333333333, 0.32752344181488996], "Precision": [0.6, 0.45946829173634074], "Recall": [0.4166666666666667, 0.3263150034575203]}, "SVC": {"AUC": [0.75625, 0.2280168968451978], "F1": [0.36333333333333334, 0.3263906619337184], "Precision": [0.45, 0.43779751788545657], "Recall": [0.31666666666666665, 0.27722166555277]}, "DecisionTree": {"AUC": [0.5069444444444444, 0.17209990429286465], "F1": [0.07857142857142857, 0.17317234805683981], "Precision": [0.07, 0.1636391694484477], "Recall": [0.1, 0.21081851067789198]}, "RandomForest": {"AUC": [0.675, 0.2565123995270231], "F1": [0.23333333333333334, 0.3063121944908938], "Precision": [0.35, 0.4743416490252569], "Recall": [0.18333333333333332, 0.24152294576982397]}, "XGB": {"AUC": [0.6409722222222223, 0.25655939617451573], "F1": [0.18333333333333332, 0.2986595567936802], "Precision": [0.25, 0.42491829279939874], "Recall": [0.15, 0.24152294576982397]}}}