{"0": {"Dummy": {"AUC": [0.5, 0.0], "F1": [0.40380952380952384, 0.06509097844502505], "Precision": [0.3333333333333333, 0.06804138174397717], "Recall": [0.5166666666666666, 0.05270462766947298]}, "GaussianNB": {"AUC": [0.8038194444444444, 0.19448061006262096], "F1": [0.5566666666666666, 0.3359342969270209], "Precision": [0.55, 0.3429177636002437], "Recall": [0.6, 0.39440531887330776]}, "KNeighbors": {"AUC": [0.7621527777777778, 0.22722504497703333], "F1": [0.35, 0.3088209357708288], "Precision": [0.5, 0.4714045207910317], "Recall": [0.2833333333333333, 0.24907235301622105]}, "SVC": {"AUC": [0.6979166666666666, 0.20538682806514436], "F1": [0.4033333333333333, 0.3003906921015273], "Precision": [0.48333333333333334, 0.4116363011742823], "Recall": [0.36666666666666664, 0.2581988897471611]}, "DecisionTree": {"AUC": [0.6822916666666666, 0.23931899668836557], "F1": [0.3219047619047619, 0.3673168152033971], "Precision": [0.30333333333333334, 0.37398422096508854], "Recall": [0.4, 0.45946829173634074]}, "RandomForest": {"AUC": [0.7590277777777777, 0.22268109451852233], "F1": [0.05, 0.15811388300841897], "Precision": [0.05, 0.15811388300841897], "Recall": [0.05, 0.15811388300841897]}, "XGB": {"AUC": [0.7409722222222223, 0.17164160640527318], "F1": [0.23333333333333334, 0.3063121944908938], "Precision": [0.35, 0.4743416490252569], "Recall": [0.18333333333333332, 0.24152294576982397]}}}