{"0": {"Dummy": {"AUC": [0.5, 0.0], "Specificity": [0.7333333333333333, 0.03513641844631534], "Precision": [0.3333333333333333, 0.06804138174397717], "Recall": [0.5166666666666666, 0.05270462766947298]}, "GaussianNB": {"AUC": [0.7465277777777778, 0.22366430239224375], "Specificity": [0.8527777777777777, 0.14257455393356586], "Precision": [0.5916666666666667, 0.3434798321033251], "Recall": [0.65, 0.3374742788552764]}, "KNeighbors": {"AUC": [0.7131944444444445, 0.19939143523342331], "Specificity": [0.9875, 0.03952847075210474], "Precision": [0.45, 0.49721446300587663], "Recall": [0.23333333333333334, 0.2509242175696937]}, "SVC": {"AUC": [0.7486111111111111, 0.1987454220815008], "Specificity": [0.9013888888888889, 0.07869008596786276], "Precision": [0.4, 0.39440531887330776], "Recall": [0.2833333333333333, 0.24907235301622105]}, "DecisionTree": {"AUC": [0.6027777777777777, 0.18380708290019684], "Specificity": [0.7958333333333334, 0.18691896713375136], "Precision": [0.415, 0.36905367805232697], "Recall": [0.4166666666666667, 0.22566773346211]}, "RandomForest": {"AUC": [0.775, 0.20386672769527572], "Specificity": [0.975, 0.05270462766947299], "Precision": [0.5, 0.4714045207910317], "Recall": [0.2833333333333333, 0.24907235301622105]}, "XGB": {"AUC": [0.6954861111111111, 0.21730952085663038], "Specificity": [0.9625, 0.06038073644245599], "Precision": [0.55, 0.49721446300587663], "Recall": [0.2833333333333333, 0.24907235301622105]}}}