{"0": {"Dummy": {"AUC": [0.5, 0.0], "F1": [0.40380952380952384, 0.06509097844502505], "Precision": [0.3333333333333333, 0.06804138174397717], "Recall": [0.5166666666666666, 0.05270462766947298]}, "GaussianNB": {"AUC": [0.7590277777777777, 0.1640516298084184], "F1": [0.31, 0.32128215360057305], "Precision": [0.2833333333333333, 0.31476034387145096], "Recall": [0.35, 0.3374742788552764]}, "KNeighbors": {"AUC": [0.7135416666666666, 0.19898152726073617], "F1": [0.3, 0.3220305943597653], "Precision": [0.4, 0.45946829173634074], "Recall": [0.25, 0.26352313834736496]}, "SVC": {"AUC": [0.6486111111111111, 0.1941189957199298], "F1": [0.40714285714285714, 0.2446942652509699], "Precision": [0.39, 0.2833006517099092], "Recall": [0.4666666666666667, 0.29186501192363773]}, "DecisionTree": {"AUC": [0.4888888888888889, 0.2283632568779547], "F1": [0.18333333333333332, 0.2986595567936802], "Precision": [0.3, 0.48304589153964794], "Recall": [0.13333333333333333, 0.2194268628681278]}, "RandomForest": {"AUC": [0.7326388888888888, 0.2076699830138991], "F1": [0.06666666666666667, 0.21081851067789195], "Precision": [0.1, 0.31622776601683794], "Recall": [0.05, 0.15811388300841897]}, "XGB": {"AUC": [0.6340277777777777, 0.2504026250317095], "F1": [0.21666666666666667, 0.2838231060987733], "Precision": [0.3, 0.4216370213557839], "Recall": [0.18333333333333332, 0.24152294576982397]}}}