{"0": {"Dummy": {"AUC": [0.5, 0.0], "Specificity": [0.7333333333333333, 0.03513641844631534], "Precision": [0.3333333333333333, 0.06804138174397717], "Recall": [0.5166666666666666, 0.05270462766947298]}, "GaussianNB": {"AUC": [0.7402777777777778, 0.21755441942539946], "Specificity": [0.8402777777777778, 0.1334185041758293], "Precision": [0.5583333333333333, 0.31439241815379804], "Recall": [0.65, 0.3374742788552764]}, "KNeighbors": {"AUC": [0.6899305555555556, 0.2093791267021612], "Specificity": [0.95, 0.06454972243679027], "Precision": [0.4, 0.5163977794943222], "Recall": [0.18333333333333332, 0.24152294576982397]}, "SVC": {"AUC": [0.6805555555555556, 0.2892870297761512], "Specificity": [0.8777777777777778, 0.16457014715109583], "Precision": [0.45, 0.43779751788545657], "Recall": [0.3833333333333333, 0.3932297415374753]}, "DecisionTree": {"AUC": [0.6069444444444444, 0.15893020215295328], "Specificity": [0.9180555555555555, 0.14792373048687038], "Precision": [0.525, 0.5062114182829146], "Recall": [0.31666666666666665, 0.27722166555277]}, "RandomForest": {"AUC": [0.6965277777777777, 0.23490637636819528], "Specificity": [0.975, 0.05270462766947299], "Precision": [0.45, 0.49721446300587663], "Recall": [0.23333333333333334, 0.2509242175696937]}, "XGB": {"AUC": [0.703125, 0.13173360754046076], "Specificity": [0.9125, 0.0843685697138191], "Precision": [0.2833333333333333, 0.41611074024608896], "Recall": [0.21666666666666667, 0.2838231060987733]}}}