{"0": {"Dummy": {"AUC": [0.5, 0.0], "Specificity": [0.7333333333333333, 0.03513641844631534], "Precision": [0.3333333333333333, 0.06804138174397717], "Recall": [0.5166666666666666, 0.05270462766947298]}, "GaussianNB": {"AUC": [0.7479166666666667, 0.2081931112468535], "Specificity": [0.8888888888888888, 0.10936122047238626], "Precision": [0.48333333333333334, 0.4190671592365802], "Recall": [0.45, 0.3689323936863109]}, "KNeighbors": {"AUC": [0.740625, 0.20392093057761532], "Specificity": [0.9388888888888889, 0.08740073734751264], "Precision": [0.6166666666666667, 0.4584595785728391], "Recall": [0.4166666666666667, 0.3263150034575203]}, "SVC": {"AUC": [0.8041666666666667, 0.14785126502889556], "Specificity": [0.9625, 0.06038073644245599], "Precision": [0.4, 0.5163977794943222], "Recall": [0.18333333333333332, 0.24152294576982397]}, "DecisionTree": {"AUC": [0.6420138888888889, 0.20100571519098054], "Specificity": [0.8777777777777778, 0.005856069741052534], "Precision": [0.31666666666666665, 0.27722166555277], "Recall": [0.3333333333333333, 0.33333333333333337]}, "RandomForest": {"AUC": [0.6555555555555556, 0.2493174839816294], "Specificity": [0.975, 0.05270462766947299], "Precision": [0.35, 0.4743416490252569], "Recall": [0.2, 0.2581988897471611]}, "XGB": {"AUC": [0.7357638888888889, 0.25984994919974175], "Specificity": [0.9375, 0.08838834764831845], "Precision": [0.31666666666666665, 0.4335469558917038], "Recall": [0.25, 0.3535533905932738]}}}