{"0": {"Dummy": {"AUC": [0.5, 0.0], "Precision": [0.3333333333333333, 0.06804138174397717], "Recall": [0.5166666666666666, 0.05270462766947298], "Specificity": [0.7333333333333333, 0.03513641844631534]}, "GaussianNB": {"AUC": [0.7336805555555556, 0.22940065915955757], "Precision": [0.39, 0.36005829432001973], "Recall": [0.55, 0.3689323936863109], "Specificity": [0.7208333333333333, 0.24623798390742413]}, "KNeighbors": {"AUC": [0.690625, 0.27566446294980046], "Precision": [0.2, 0.42163702135578396], "Recall": [0.1, 0.21081851067789198], "Specificity": [0.9888888888888889, 0.03513641844631534]}, "SVC": {"AUC": [0.6770833333333334, 0.3008413342642936], "Precision": [0.4185714285714286, 0.43964786981527226], "Recall": [0.4166666666666667, 0.4025382429497066], "Specificity": [0.8694444444444445, 0.19023215186959924]}, "DecisionTree": {"AUC": [0.5079861111111111, 0.2739661812939662], "Precision": [0.17333333333333334, 0.3284080569228652], "Recall": [0.2, 0.34960294939005054], "Specificity": [0.8555555555555555, 0.12182173442955026]}, "RandomForest": {"AUC": [0.7416666666666667, 0.24438130497691965], "Precision": [0.4, 0.5163977794943222], "Recall": [0.2, 0.2581988897471611], "Specificity": [0.9625, 0.06038073644245599]}, "XGB": {"AUC": [0.7659722222222223, 0.24489055987700387], "Precision": [0.6666666666666666, 0.41573970964154905], "Recall": [0.5166666666666666, 0.3374742788552764], "Specificity": [0.9375, 0.08838834764831845]}}}