{"0": {"Dummy": {"AUC": [0.5, 0.0], "Specificity": [0.7333333333333333, 0.03513641844631534], "Precision": [0.3333333333333333, 0.06804138174397717], "Recall": [0.5166666666666666, 0.05270462766947298]}, "GaussianNB": {"AUC": [0.7590277777777777, 0.21558371331934995], "Specificity": [0.8402777777777778, 0.1334185041758293], "Precision": [0.5416666666666666, 0.3124228299778331], "Recall": [0.65, 0.3374742788552764]}, "KNeighbors": {"AUC": [0.7631944444444444, 0.18143482487938292], "Specificity": [0.9625, 0.06038073644245599], "Precision": [0.5, 0.4714045207910317], "Recall": [0.2833333333333333, 0.24907235301622105]}, "SVC": {"AUC": [0.7631944444444444, 0.27882614666083305], "Specificity": [0.9138888888888889, 0.11817804103434804], "Precision": [0.45, 0.49721446300587663], "Recall": [0.23333333333333334, 0.2509242175696937]}, "DecisionTree": {"AUC": [0.6229166666666667, 0.1769675547440795], "Specificity": [0.7916666666666666, 0.10352166562499025], "Precision": [0.24166666666666667, 0.22377926734580922], "Recall": [0.3333333333333333, 0.33333333333333337]}, "RandomForest": {"AUC": [0.7215277777777778, 0.2354395405690694], "Specificity": [0.9625, 0.06038073644245599], "Precision": [0.55, 0.49721446300587663], "Recall": [0.2833333333333333, 0.24907235301622105]}, "XGB": {"AUC": [0.7173611111111111, 0.22361758099680848], "Specificity": [0.9375, 0.06588078458684124], "Precision": [0.35, 0.4743416490252569], "Recall": [0.23333333333333334, 0.34426518632954817]}}}