{"0": {"Dummy": {"AUC": [0.5, 0.0], "F1": [0.40380952380952384, 0.06509097844502505], "Precision": [0.3333333333333333, 0.06804138174397717], "Recall": [0.5166666666666666, 0.05270462766947298]}, "GaussianNB": {"AUC": [0.784375, 0.1971839778820833], "F1": [0.5800000000000001, 0.3155242550986462], "Precision": [0.5333333333333333, 0.31229931827900437], "Recall": [0.65, 0.3374742788552764]}, "KNeighbors": {"AUC": [0.5666666666666667, 0.14593250596181884], "F1": [0.05, 0.15811388300841897], "Precision": [0.1, 0.31622776601683794], "Recall": [0.03333333333333333, 0.10540925533894598]}, "SVC": {"AUC": [0.7118055555555556, 0.19775754378740784], "F1": [0.08, 0.2529822128134704], "Precision": [0.1, 0.31622776601683794], "Recall": [0.06666666666666667, 0.21081851067789195]}, "DecisionTree": {"AUC": [0.5815972222222222, 0.12175628869070328], "F1": [0.23333333333333334, 0.3063121944908938], "Precision": [0.35, 0.4743416490252569], "Recall": [0.18333333333333332, 0.24152294576982397]}, "RandomForest": {"AUC": [0.7895833333333333, 0.1540021784045952], "F1": [0.35, 0.3088209357708288], "Precision": [0.5, 0.4714045207910317], "Recall": [0.2833333333333333, 0.24907235301622105]}, "XGB": {"AUC": [0.75625, 0.17526832505668438], "F1": [0.24666666666666667, 0.3293090409394258], "Precision": [0.31666666666666665, 0.4335469558917038], "Recall": [0.23333333333333334, 0.34426518632954817]}}}