{"0": {"Dummy": {"AUC": [0.5, 0.0], "F1": [0.0, 0.0], "Precision": [0.0, 0.0], "Recall": [0.0, 0.0]}, "GaussianNB": {"AUC": [0.66875, 0.260291636652258], "F1": [0.08, 0.16865480854231357], "Precision": [0.06666666666666667, 0.1405456737852613], "Recall": [0.1, 0.21081851067789198]}, "KNeighbors": {"AUC": [0.5392361111111111, 0.21661800310184898], "F1": [0.0, 0.0], "Precision": [0.0, 0.0], "Recall": [0.0, 0.0]}, "SVC": {"AUC": [0.6486111111111111, 0.12984439880578047], "F1": [0.0, 0.0], "Precision": [0.0, 0.0], "Recall": [0.0, 0.0]}, "DecisionTree": {"AUC": [0.5451388888888888, 0.16234263510501334], "F1": [0.0, 0.0], "Precision": [0.0, 0.0], "Recall": [0.0, 0.0]}, "RandomForest": {"AUC": [0.6079861111111111, 0.25471089822628334], "F1": [0.0, 0.0], "Precision": [0.0, 0.0], "Recall": [0.0, 0.0]}, "XGB": {"AUC": [0.6486111111111111, 0.1725802729667674], "F1": [0.0, 0.0], "Precision": [0.0, 0.0], "Recall": [0.0, 0.0]}}}