{"0": {"Dummy": {"AUC": [0.5, 0.0], "Precision": [0.2, 0.0], "Recall": [0.5, 0.0], "Specificity": [0.52, 0.0]}, "GaussianNB": {"AUC": [0.7073333333333333, 0.12310589639978692], "Precision": [0.48857142857142855, 0.21115526450790395], "Recall": [0.39999999999999997, 0.1791612832955233], "Specificity": [0.888, 0.06477310827461928]}, "KNeighbors": {"AUC": [0.758, 0.12007405122580722], "Precision": [0.35833333333333334, 0.314392418153798], "Recall": [0.21666666666666665, 0.20861092617242874], "Specificity": [0.944, 0.05399588461684423]}, "SVC": {"AUC": [0.9726666666666667, 0.08643558937793573], "Precision": [0.96, 0.1264911064067352], "Recall": [0.8333333333333334, 0.17568209223157663], "Specificity": [0.992, 0.02529822128134702]}, "DecisionTree": {"AUC": [0.6779999999999999, 0.07798702012926237], "Precision": [0.3961904761904762, 0.21084898394045584], "Recall": [0.26666666666666666, 0.19563129846287786], "Specificity": [0.92, 0.049888765156985884]}, "RandomForest": {"AUC": [0.8266666666666667, 0.08911083402561523], "Precision": [0.4666666666666667, 0.5018484351393874], "Recall": [0.09999999999999999, 0.11653431646335018], "Specificity": [0.996, 0.012649110640673528]}, "XGB": {"AUC": [0.8003333333333333, 0.07414450355493253], "Precision": [0.6445238095238095, 0.3156137765267614], "Recall": [0.36666666666666664, 0.1531560972454469], "Specificity": [0.948, 0.0500666222813829]}}}