{"0": {"Dummy": {"AUC": [0.5, 0.0], "F1": [0.40380952380952384, 0.06509097844502505], "Precision": [0.3333333333333333, 0.06804138174397717], "Recall": [0.5166666666666666, 0.05270462766947298]}, "GaussianNB": {"AUC": [0.7184027777777777, 0.2415986427784453], "F1": [0.59, 0.3205127065526863], "Precision": [0.575, 0.352351010453924], "Recall": [0.65, 0.3374742788552764]}, "KNeighbors": {"AUC": [0.7440972222222222, 0.19517369038557497], "F1": [0.4333333333333333, 0.3063121944908938], "Precision": [0.65, 0.4743416490252569], "Recall": [0.3333333333333333, 0.23570226039551584]}, "SVC": {"AUC": [0.7576388888888889, 0.2038995796470579], "F1": [0.25666666666666665, 0.2780221147612116], "Precision": [0.3333333333333333, 0.408248290463863], "Recall": [0.23333333333333334, 0.2509242175696937]}, "DecisionTree": {"AUC": [0.5027777777777778, 0.18589851041049119], "F1": [0.14666666666666667, 0.3107934886586149], "Precision": [0.2, 0.42163702135578396], "Recall": [0.11666666666666667, 0.24907235301622102]}, "RandomForest": {"AUC": [0.6746527777777778, 0.2019339287979963], "F1": [0.35, 0.3088209357708288], "Precision": [0.5, 0.4714045207910317], "Recall": [0.2833333333333333, 0.24907235301622105]}, "XGB": {"AUC": [0.6541666666666667, 0.25875861052053617], "F1": [0.36666666666666664, 0.3220305943597653], "Precision": [0.55, 0.49721446300587663], "Recall": [0.2833333333333333, 0.24907235301622105]}}}