{"0": {"Dummy": {"AUC": [0.5004166666666666, 0.17537371580371205], "Precision": [0.2103095238095238, 0.13908322278744167], "Recall": [0.4866666666666667, 0.3046081958634042], "Specificity": [0.5141666666666667, 0.16173707312756852]}}}