{"0": {"Dummy": {"AUC": [0.47301666666666664, 0.12487161357635927], "Precision": [0.17403342692738977, 0.07816475711184323], "Recall": [0.4658333333333333, 0.2364694131621481], "Specificity": [0.4802, 0.10029083336118713]}}}