{"0": {"Dummy": {"AUC": [0.5, 0.0], "Precision": [0.3333333333333333, 0.06804138174397717], "Recall": [0.5166666666666666, 0.05270462766947298], "Specificity": [0.7333333333333333, 0.03513641844631534]}, "GaussianNB": {"AUC": [0.740625, 0.23879673834563367], "Precision": [0.575, 0.352351010453924], "Recall": [0.65, 0.3374742788552764], "Specificity": [0.8416666666666667, 0.14377217727180733]}, "KNeighbors": {"AUC": [0.7611111111111111, 0.16708249309641668], "Precision": [0.5333333333333333, 0.4142522640512722], "Recall": [0.43333333333333335, 0.3701851388657263], "Specificity": [0.9263888888888889, 0.06349516361479146]}, "SVC": {"AUC": [0.7888888888888889, 0.24090094384669336], "Precision": [0.41666666666666663, 0.41013397389537226], "Recall": [0.3833333333333333, 0.3932297415374753], "Specificity": [0.9263888888888889, 0.08662481183062598]}, "DecisionTree": {"AUC": [0.7020833333333333, 0.1727199349407182], "Precision": [0.6333333333333333, 0.4216370213557839], "Recall": [0.3833333333333333, 0.20861092617242874], "Specificity": [0.925, 0.08740073734751264]}, "RandomForest": {"AUC": [0.7395833333333334, 0.21769722661530283], "Precision": [0.4, 0.45946829173634074], "Recall": [0.23333333333333334, 0.2509242175696937], "Specificity": [0.95, 0.06454972243679027]}, "XGB": {"AUC": [0.7180555555555556, 0.26680086001099457], "Precision": [0.35, 0.4116363011742823], "Recall": [0.23333333333333334, 0.2509242175696937], "Specificity": [0.9513888888888888, 0.06288461901484317]}}}