{"0": {"Dummy": {"AUC": [0.5, 0.0], "F1": [0.40380952380952384, 0.06509097844502505], "Precision": [0.3333333333333333, 0.06804138174397717], "Recall": [0.5166666666666666, 0.05270462766947298]}, "GaussianNB": {"AUC": [0.7284722222222222, 0.25569432289882504], "F1": [0.5033333333333333, 0.3625867286629078], "Precision": [0.5, 0.3986861137335368], "Recall": [0.55, 0.3689323936863109]}, "KNeighbors": {"AUC": [0.7552083333333334, 0.19338923612188247], "F1": [0.3, 0.3220305943597653], "Precision": [0.45, 0.49721446300587663], "Recall": [0.23333333333333334, 0.2509242175696937]}, "SVC": {"AUC": [0.7763888888888889, 0.16582219186263625], "F1": [0.3566666666666667, 0.34678416812083457], "Precision": [0.43333333333333335, 0.43885372573625553], "Recall": [0.3333333333333333, 0.33333333333333337]}, "DecisionTree": {"AUC": [0.6302083333333334, 0.1642071121920255], "F1": [0.3252380952380952, 0.33965324009521924], "Precision": [0.35333333333333333, 0.39478076428804365], "Recall": [0.3333333333333333, 0.33333333333333337]}, "RandomForest": {"AUC": [0.6666666666666666, 0.2688575445969372], "F1": [0.25, 0.3263150034575203], "Precision": [0.4, 0.5163977794943222], "Recall": [0.18333333333333332, 0.24152294576982397]}, "XGB": {"AUC": [0.6243055555555556, 0.1663915553486956], "F1": [0.16666666666666666, 0.2721655269759087], "Precision": [0.2, 0.34960294939005054], "Recall": [0.15, 0.24152294576982397]}}}