{"0": {"Dummy": {"AUC": [0.5, 0.0], "F1": [0.40380952380952384, 0.06509097844502505], "Precision": [0.3333333333333333, 0.06804138174397717], "Recall": [0.5166666666666666, 0.05270462766947298]}, "GaussianNB": {"AUC": [0.7690972222222222, 0.21962853906808752], "F1": [0.59, 0.31073389830457115], "Precision": [0.55, 0.3047970383187823], "Recall": [0.65, 0.3374742788552764]}, "KNeighbors": {"AUC": [0.7201388888888889, 0.2514330071783843], "F1": [0.21666666666666667, 0.2838231060987733], "Precision": [0.3, 0.4216370213557839], "Recall": [0.18333333333333332, 0.24152294576982397]}, "SVC": {"AUC": [0.8277777777777777, 0.21037579055354444], "F1": [0.39666666666666667, 0.34870129422270946], "Precision": [0.5, 0.4714045207910317], "Recall": [0.36666666666666664, 0.3496029493900505]}, "DecisionTree": {"AUC": [0.5215277777777778, 0.12912019607440794], "F1": [0.12000000000000001, 0.19321835661585918], "Precision": [0.09999999999999999, 0.16101529717988264], "Recall": [0.15, 0.24152294576982397]}, "RandomForest": {"AUC": [0.7180555555555556, 0.2165113007375152], "F1": [0.23333333333333334, 0.3063121944908938], "Precision": [0.35, 0.4743416490252569], "Recall": [0.18333333333333332, 0.24152294576982397]}, "XGB": {"AUC": [0.6947916666666667, 0.23850709918100838], "F1": [0.22333333333333333, 0.2981631006142464], "Precision": [0.3333333333333333, 0.4714045207910317], "Recall": [0.18333333333333332, 0.24152294576982397]}}}