{"0": {"Dummy": {"AUC": [0.5, 0.0], "F1": [0.0, 0.0], "Precision": [0.0, 0.0], "Recall": [0.0, 0.0]}, "GaussianNB": {"AUC": [0.6305555555555555, 0.2821188568364689], "F1": [0.2512121212121212, 0.27505349119409367], "Precision": [0.25416666666666665, 0.3277601219350276], "Recall": [0.3, 0.3496029493900505]}, "KNeighbors": {"AUC": [0.6104166666666666, 0.2615167095407072], "F1": [0.10666666666666666, 0.23349200953891014], "Precision": [0.15, 0.3374742788552764], "Recall": [0.08333333333333333, 0.18002057495577392]}, "SVC": {"AUC": [0.3951388888888889, 0.24800839935829466], "F1": [0.0, 0.0], "Precision": [0.0, 0.0], "Recall": [0.0, 0.0]}, "DecisionTree": {"AUC": [0.5048611111111111, 0.07843431565601872], "F1": [0.08333333333333333, 0.18002057495577392], "Precision": [0.08333333333333333, 0.18002057495577392], "Recall": [0.08333333333333333, 0.18002057495577392]}, "RandomForest": {"AUC": [0.6125, 0.2933528931586566], "F1": [0.05, 0.15811388300841897], "Precision": [0.1, 0.31622776601683794], "Recall": [0.03333333333333333, 0.10540925533894598]}, "XGB": {"AUC": [0.5326388888888889, 0.24171920991168497], "F1": [0.0, 0.0], "Precision": [0.0, 0.0], "Recall": [0.0, 0.0]}}}