{"0": {"Dummy": {"AUC": [0.5, 0.0], "F1": [0.40380952380952384, 0.06509097844502505], "Precision": [0.3333333333333333, 0.06804138174397717], "Recall": [0.5166666666666666, 0.05270462766947298]}, "GaussianNB": {"AUC": [0.7333333333333334, 0.20802317447335003], "F1": [0.38666666666666666, 0.32133978785587575], "Precision": [0.4, 0.3701851388657263], "Recall": [0.4, 0.31622776601683794]}, "KNeighbors": {"AUC": [0.7670138888888889, 0.18052921519642628], "F1": [0.46, 0.33288859219687117], "Precision": [0.5666666666666667, 0.43885372573625553], "Recall": [0.4166666666666667, 0.3263150034575203]}, "SVC": {"AUC": [0.76875, 0.20566839787240507], "F1": [0.3333333333333333, 0.2939723678960656], "Precision": [0.45, 0.43779751788545657], "Recall": [0.2833333333333333, 0.24907235301622105]}, "DecisionTree": {"AUC": [0.6239583333333333, 0.23013526366755124], "F1": [0.28, 0.38815804341359034], "Precision": [0.31666666666666665, 0.4335469558917038], "Recall": [0.2833333333333333, 0.41611074024608896]}, "RandomForest": {"AUC": [0.7027777777777777, 0.20099738445977544], "F1": [0.19999999999999998, 0.3220305943597653], "Precision": [0.3, 0.48304589153964794], "Recall": [0.15, 0.24152294576982397]}, "XGB": {"AUC": [0.6496527777777777, 0.23814736739187148], "F1": [0.06666666666666667, 0.21081851067789195], "Precision": [0.1, 0.31622776601683794], "Recall": [0.05, 0.15811388300841897]}}}