{"0": {"Dummy": {"AUC": [0.7366666666666668, 0.0], "F1": [0.5, 0.0], "Precision": [0.35714285714285715, 0.0], "Recall": [0.8333333333333334, 0.0]}, "GaussianNB": {"AUC": [0.759, 0.10528092929906196], "F1": [0.590666963755199, 0.15767004456629766], "Precision": [0.6087878787878788, 0.19522740174996292], "Recall": [0.65, 0.241522945769824]}, "KNeighbors": {"AUC": [0.5943333333333334, 0.11225027152212202], "F1": [0.2735714285714286, 0.2780326495126271], "Precision": [0.45, 0.43779751788545657], "Recall": [0.21666666666666665, 0.23635608206869607]}, "SVC": {"AUC": [0.7243333333333333, 0.07455298886126661], "F1": [0.5715306915306915, 0.13171669563985602], "Precision": [0.6883333333333334, 0.20098789149370394], "Recall": [0.5166666666666666, 0.14593250596181886]}, "DecisionTree": {"AUC": [0.6053333333333333, 0.14689544446625385], "F1": [0.3596969696969697, 0.2553078764541243], "Precision": [0.3983333333333333, 0.30976394836020493], "Recall": [0.36666666666666664, 0.24595492912420727]}, "RandomForest": {"AUC": [0.5816666666666667, 0.08655619740169951], "F1": [0.251046176046176, 0.2445171072378739], "Precision": [0.45666666666666667, 0.4433458644845529], "Recall": [0.18333333333333332, 0.1834174891024353]}, "XGB": {"AUC": [0.6316666666666667, 0.1068199130647488], "F1": [0.4031798756798757, 0.19569150426883367], "Precision": [0.4521428571428571, 0.24158148732131135], "Recall": [0.3833333333333333, 0.1932503014547343]}}}