{"0": {"Dummy": {"AUC": [0.5, 0.0], "F1": [0.40380952380952384, 0.06509097844502505], "Precision": [0.3333333333333333, 0.06804138174397717], "Recall": [0.5166666666666666, 0.05270462766947298]}, "GaussianNB": {"AUC": [0.7333333333333334, 0.20802317447335003], "F1": [0.38666666666666666, 0.32133978785587575], "Precision": [0.4, 0.3701851388657263], "Recall": [0.4, 0.31622776601683794]}, "KNeighbors": {"AUC": [0.765625, 0.1875017861140351], "F1": [0.19666666666666666, 0.32449390794943483], "Precision": [0.21666666666666667, 0.3689323936863109], "Recall": [0.2, 0.34960294939005054]}, "SVC": {"AUC": [0.7541666666666667, 0.16903537953223782], "F1": [0.41333333333333333, 0.3019279613205118], "Precision": [0.5166666666666666, 0.4116363011742823], "Recall": [0.3833333333333333, 0.314760343871451]}, "DecisionTree": {"AUC": [0.6347222222222222, 0.2190639281799485], "F1": [0.27, 0.24867550376512662], "Precision": [0.325, 0.38580123456592597], "Recall": [0.2833333333333333, 0.24907235301622105]}, "RandomForest": {"AUC": [0.7368055555555556, 0.2349383091106929], "F1": [0.06666666666666667, 0.21081851067789195], "Precision": [0.1, 0.31622776601683794], "Recall": [0.05, 0.15811388300841897]}, "XGB": {"AUC": [0.6152777777777778, 0.2992331305058286], "F1": [0.1, 0.31622776601683794], "Precision": [0.1, 0.31622776601683794], "Recall": [0.1, 0.31622776601683794]}}}