{"0": {"Dummy": {"AUC": [0.5, 0.0], "Specificity": [0.7333333333333333, 0.03513641844631534], "Precision": [0.3333333333333333, 0.06804138174397717], "Recall": [0.5166666666666666, 0.05270462766947298]}, "GaussianNB": {"AUC": [0.7190972222222223, 0.27013229347053563], "Specificity": [0.8402777777777778, 0.1334185041758293], "Precision": [0.5416666666666666, 0.3124228299778331], "Recall": [0.65, 0.3374742788552764]}, "KNeighbors": {"AUC": [0.6965277777777777, 0.22197613689267195], "Specificity": [0.95, 0.06454972243679027], "Precision": [0.45, 0.49721446300587663], "Recall": [0.23333333333333334, 0.2509242175696937]}, "SVC": {"AUC": [0.7409722222222223, 0.19929063371679764], "Specificity": [0.9388888888888889, 0.06454972243679029], "Precision": [0.4, 0.45946829173634074], "Recall": [0.23333333333333334, 0.2509242175696937]}, "DecisionTree": {"AUC": [0.6583333333333333, 0.20388249729275917], "Specificity": [0.9138888888888889, 0.0837950173833242], "Precision": [0.3333333333333333, 0.408248290463863], "Recall": [0.3, 0.3496029493900505]}, "RandomForest": {"AUC": [0.6701388888888888, 0.2067649295966584], "Specificity": [0.9625, 0.06038073644245599], "Precision": [0.35, 0.4743416490252569], "Recall": [0.18333333333333332, 0.24152294576982397]}, "XGB": {"AUC": [0.7336805555555556, 0.20649945165532674], "Specificity": [0.9625, 0.06038073644245599], "Precision": [0.55, 0.49721446300587663], "Recall": [0.4, 0.39440531887330776]}}}