{"0": {"Dummy": {"AUC": [0.5, 0.0], "F1": [0.40380952380952384, 0.06509097844502505], "Precision": [0.3333333333333333, 0.06804138174397717], "Recall": [0.5166666666666666, 0.05270462766947298]}, "GaussianNB": {"AUC": [0.7503472222222223, 0.20575468176673414], "F1": [0.43666666666666665, 0.3564052347511533], "Precision": [0.475, 0.4231896810802923], "Recall": [0.45, 0.3689323936863109]}, "KNeighbors": {"AUC": [0.7725694444444444, 0.19229166805995834], "F1": [0.23333333333333334, 0.3063121944908938], "Precision": [0.3, 0.4216370213557839], "Recall": [0.2, 0.2581988897471611]}, "SVC": {"AUC": [0.6979166666666666, 0.17901317714792003], "F1": [0.2833333333333333, 0.30479703831878224], "Precision": [0.4, 0.45946829173634074], "Recall": [0.23333333333333334, 0.2509242175696937]}, "DecisionTree": {"AUC": [0.5503472222222222, 0.21232196457490332], "F1": [0.13999999999999999, 0.2402673408137868], "Precision": [0.15833333333333333, 0.32022850637676886], "Recall": [0.15, 0.24152294576982397]}, "RandomForest": {"AUC": [0.6881944444444444, 0.2328305595158085], "F1": [0.13333333333333333, 0.2810913475705226], "Precision": [0.2, 0.42163702135578396], "Recall": [0.1, 0.21081851067789198]}, "XGB": {"AUC": [0.6760416666666667, 0.24886170253926324], "F1": [0.11666666666666667, 0.24907235301622102], "Precision": [0.15, 0.3374742788552764], "Recall": [0.1, 0.21081851067789198]}}}