{"AUC_3": 0.6975694444444445, "F1_3": 0.06666666666666667, "Precision_3": 0.025, "Recall_3": 0.05, "AUC_4": 0.6545138888888888, "F1_4": 0.23714285714285716, "Precision_4": 0.18023809523809523, "Recall_4": 0.3833333333333333, "AUC_5": 0.6225694444444445, "F1_5": 0.38666666666666666, "Precision_5": 0.305952380952381, "Recall_5": 0.5, "AUC_6": 0.6791666666666667, "F1_6": 0.4023809523809524, "Precision_6": 0.30666666666666664, "Recall_6": 0.35, "AUC_7": 0.6333333333333333, "F1_7": 0.31, "Precision_7": 0.28714285714285714, "Recall_7": 0.55, "AUC_8": 0.7034722222222223, "F1_8": 0.41023809523809524, "Precision_8": 0.42833333333333334, "Recall_8": 0.55, "AUC_9": 0.7017361111111111, "F1_9": 0.4027777777777778, "Precision_9": 0.33166666666666667, "Recall_9": 0.6, "AUC_10": 0.6916666666666667, "F1_10": 0.43047619047619046, "Precision_10": 0.35428571428571426, "Recall_10": 0.65, "Specificity_3": 0.9013888888888889, "Specificity_4": 0.7652777777777777, "Specificity_5": 0.725, "Specificity_6": 0.8402777777777778, "Specificity_7": 0.6791666666666667, "Specificity_8": 0.7916666666666666, "Specificity_9": 0.7166666666666667, "Specificity_10": 0.6819444444444445, "AUC_11": 0.6802083333333333, "Precision_11": 0.37666666666666665, "Recall_11": 0.65, "Specificity_11": 0.7444444444444445, "AUC_12": 0.6871527777777777, "Precision_12": 0.36333333333333334, "Recall_12": 0.6, "Specificity_12": 0.7194444444444444, "AUC_13": 0.6694444444444444, "Precision_13": 0.355, "Recall_13": 0.55, "Specificity_13": 0.7458333333333333}