{"AUC_1.1": 0.6427083333333333, "F1_1.1": 0.22968253968253968, "Precision_1.1": 0.18357142857142858, "Recall_1.1": 0.3833333333333333, "AUC_1.2": 0.6041666666666666, "F1_1.2": 0.1827777777777778, "Precision_1.2": 0.17523809523809525, "Recall_1.2": 0.3833333333333333, "AUC_1.3": 0.6184027777777777, "F1_1.3": 0.20500000000000002, "Precision_1.3": 0.2519047619047619, "Recall_1.3": 0.3833333333333333, "AUC_1.4": 0.6739583333333333, "F1_1.4": 0.2361111111111111, "Precision_1.4": 0.22607142857142856, "Recall_1.4": 0.5, "AUC_1.5": 0.6819444444444445, "F1_1.5": 0.23682539682539683, "Precision_1.5": 0.15, "Recall_1.5": 0.3333333333333333, "AUC_1.6": 0.6201388888888889, "F1_1.6": 0.3064502164502164, "Precision_1.6": 0.18, "Recall_1.6": 0.3833333333333333, "AUC_1.7": 0.6423611111111112, "F1_1.7": 0.3252380952380952, "Precision_1.7": 0.185, "Recall_1.7": 0.43333333333333335, "Specificity_1.1": 0.6930555555555555, "Specificity_1.2": 0.7402777777777778, "Specificity_1.3": 0.7625, "Specificity_1.4": 0.7402777777777778, "Specificity_1.5": 0.7638888888888888, "Specificity_1.6": 0.7527777777777778, "Specificity_1.7": 0.7388888888888889}