{"AUC_25": 0.6347222222222222, "F1_25": 0.20380952380952383, "Precision_25": 0.15333333333333332, "Recall_25": 0.3333333333333333, "AUC_50": 0.6833333333333333, "F1_50": 0.22412698412698412, "Precision_50": 0.14666666666666667, "Recall_50": 0.3333333333333333, "AUC_75": 0.675, "F1_75": 0.225, "Precision_75": 0.1869047619047619, "Recall_75": 0.3333333333333333, "AUC_100": 0.6659722222222222, "F1_100": 0.21857142857142858, "Precision_100": 0.16666666666666669, "Recall_100": 0.3833333333333333, "AUC_125": 0.7076388888888889, "F1_125": 0.2169047619047619, "Precision_125": 0.165, "Recall_125": 0.3333333333333333, "AUC_150": 0.6836805555555555, "F1_150": 0.22134920634920635, "Precision_150": 0.1769047619047619, "Recall_150": 0.3333333333333333, "AUC_200": 0.6461805555555555, "F1_200": 0.26134920634920633, "Precision_200": 0.1269047619047619, "Recall_200": 0.2833333333333333, "AUC_250": 0.7197916666666666, "F1_250": 0.19833333333333333, "Precision_250": 0.14833333333333332, "Recall_250": 0.31666666666666665, "AUC_300": 0.6052083333333333, "F1_300": 0.23277777777777778, "Precision_300": 0.1269047619047619, "Recall_300": 0.2833333333333333, "AUC_400": 0.6100694444444444, "F1_400": 0.35954545454545456, "Precision_400": 0.12357142857142857, "Recall_400": 0.2833333333333333, "AUC_500": 0.6527777777777778, "F1_500": 0.3831168831168831, "Precision_500": 0.16023809523809524, "Recall_500": 0.3333333333333333, "AUC_600": 0.6277777777777778, "F1_600": 0.3608946608946609, "Precision_600": 0.145, "Recall_600": 0.3333333333333333, "Specificity_50": 0.7166666666666667, "Specificity_100": 0.7541666666666667, "Specificity_200": 0.7194444444444444, "Specificity_300": 0.7305555555555555, "Specificity_400": 0.7402777777777778, "Specificity_500": 0.7305555555555555, "Specificity_600": 0.7180555555555556, "AUC_700": 0.6388888888888888, "Precision_700": 0.25666666666666665, "Recall_700": 0.43333333333333335, "Specificity_700": 0.7166666666666667, "AUC_800": 0.6444444444444445, "Precision_800": 0.2602380952380952, "Recall_800": 0.43333333333333335, "Specificity_800": 0.7152777777777778, "AUC_900": 0.6388888888888888, "Precision_900": 0.1269047619047619, "Recall_900": 0.3333333333333333, "Specificity_900": 0.7263888888888889, "AUC_1000": 0.6138888888888889, "Precision_1000": 0.1069047619047619, "Recall_1000": 0.2833333333333333, "Specificity_1000": 0.7027777777777777}