{"AUC_50": 0.6357638888888889, "Precision_50": 0.1919047619047619, "Recall_50": 0.3833333333333333, "Specificity_50": 0.7027777777777777, "AUC_100": 0.6545138888888888, "Precision_100": 0.18023809523809523, "Recall_100": 0.3833333333333333, "Specificity_100": 0.7652777777777777, "AUC_150": 0.6309027777777778, "Precision_150": 0.22690476190476191, "Recall_150": 0.3833333333333333, "Specificity_150": 0.7166666666666667, "AUC_200": 0.6065972222222222, "Precision_200": 0.19023809523809523, "Recall_200": 0.36666666666666664, "Specificity_200": 0.7277777777777777, "AUC_250": 0.6828472222222222, "Precision_250": 0.27123456453645, "Recall_250": 0.47666666666666664,
  "Specificity_250": 0.7777777777777777, "AUC_300": 0.6565972222222222, "Precision_300": 0.2769047619047619, "Recall_300": 0.4666666666666667, "Specificity_300": 0.7652777777777778, "AUC_350": 0.6565972222222222, "Precision_350": 0.2719047619047619, "Recall_350": 0.4666666666666667, "Specificity_350": 0.7652777777777778}
