{"AUC_1": 0.6461805555555555, "F1_1": 0.28968253968253965, "Precision_1": 0.21357142857142858, "Recall_1": 0.3833333333333333, "AUC_3": 0.6545138888888888, "F1_3": 0.23714285714285716, "Precision_3": 0.18023809523809523, "Recall_3": 0.3833333333333333, "AUC_5": 0.6739583333333333, "F1_5": 0.39, "Precision_5": 0.29000000000000004, "Recall_5": 0.5166666666666666, "AUC_7": 0.6729166666666666, "F1_7": 0.42166666666666663, "Precision_7": 0.37666666666666665, "Recall_7": 0.45, "AUC_9": 0.6725694444444444, "F1_9": 0.45904761904761904, "Precision_9": 0.42666666666666664, "Recall_9": 0.45, "AUC_11": 0.6725694444444444, "F1_11": 0.5016666666666667, "Precision_11": 0.42666666666666664, "Recall_11": 0.45, "AUC_13": 0.6663194444444445, "F1_13": 0.49166666666666664, "Precision_13": 0.44166666666666665, "Recall_13": 0.45, "AUC_15": 0.6628472222222223, "F1_15": 0.49166666666666664, "Precision_15": 0.425, "Recall_15": 0.45, "Specificity_1": 0.7513888888888889, "Specificity_3": 0.7652777777777777, "Specificity_5": 0.7791666666666667, "Specificity_7": 0.8041666666666667, "Specificity_9": 0.8541666666666666, "Specificity_11": 0.8541666666666666, "Specificity_13": 0.8666666666666667, "Specificity_15": 0.8541666666666666}