{"AUC_distance": 0.6545138888888888, "F1_distance": 0.23714285714285716, "Precision_distance": 0.18023809523809523, "Recall_distance": 0.3833333333333333, "AUC_binary": 0.5017361111111112, "F1_binary": 0.11222222222222222, "Precision_binary": 0.08095238095238094, "Recall_binary": 0.2, "AUC_binary 0.5": 0.6267361111111112, "F1_binary 0.5": 0.11222222222222222, "Precision_binary 0.5": 0.11666666666666667, "Recall_binary 0.5": 0.15, "AUC_binary 1": 0.4965277777777778, "F1_binary 1": 0.19833333333333333, "Precision_binary 1": 0.16666666666666666, "Recall_binary 1": 0.2833333333333333, "Specificity_binary 0.5": 0.925, "Specificity_binary 1": 0.7097222222222223, "Specificity_distance": 0.7652777777777777}