{"3_1.1": 0.5763888888888888, "3_1.25": 0.5215277777777778, "3_1.5": 0.6326388888888889, "3_1.6": 0.6666666666666666, "3_1.75": 0.525, "5_1.1": 0.5951388888888889, "5_1.25": 0.6055555555555555, "5_1.5": 0.6166666666666667, "5_1.6": 0.5201388888888889, "5_1.75": 0.5458333333333334, "7_1.1": 0.5256944444444445, "7_1.25": 0.5902777777777778, "7_1.5": 0.5701388888888889, "7_1.6": 0.5930555555555556, "7_1.75": 0.0, "9_1.1": 0.6576388888888889, "9_1.25": 0.58125, "9_1.5": 0.6605882352941176, "9_1.6": 0.0, "9_1.75": 0.0, "11_1.1": 0.6076388888888888, "11_1.25": 0.5215277777777778, "11_1.5": 0.0, "11_1.6": 0.0, "11_1.75": 0.0, "1_1.1": 0.4979166666666667, "1_1.25": 0.48125, "1_1.5": 0.525, "1_1.6": 0.525, "1_1.75": 0.5}