{"3_50": 0.6430882352941176, "3_75": 0.6504411764705882, "3_100": 0.6605882352941176, "3_125": 0.6418382352941177, "3_140": 0.6164705882352941, "4_50": 0.6430882352941176, "4_75": 0.6504411764705882, "4_100": 0.6605882352941176, "4_125": 0.6418382352941177, "4_140": 0.6164705882352941, "5_50": 0.6430882352941176, "5_75": 0.6504411764705882, "5_100": 0.6605882352941176, "5_125": 0.6418382352941177, "5_140": 0.6164705882352941, "6_50": 0.6430882352941176, "6_75": 0.6504411764705882, "6_100": 0.6605882352941176, "6_125": 0.6418382352941177, "6_140": 0.6164705882352941}