{"1": [0.4979166666666667, 0.48125, 0.525, 0.525, 0.5], "3": [0.5763888888888888, 0.5215277777777778, 0.6326388888888889, 0.6666666666666666, 0.525], "5": [0.5951388888888889, 0.6055555555555555, 0.6166666666666667, 0.5201388888888889, 0.5458333333333334], "7": [0.5256944444444445, 0.5902777777777778, 0.5701388888888889, 0.5930555555555556, 0.0], "9": [0.6576388888888889, 0.58125, 0.6605882352941176, 0.0, 0.0], "11": [0.6076388888888888, 0.5215277777777778, 0.0, 0.0, 0.0]}