{"3": [0.6430882352941176, 0.6504411764705882, 0.6605882352941176, 0.6418382352941177, 0.6164705882352941], "4": [0.6430882352941176, 0.6504411764705882, 0.6605882352941176, 0.6418382352941177, 0.6164705882352941], "5": [0.6430882352941176, 0.6504411764705882, 0.6605882352941176, 0.6418382352941177, 0.6164705882352941], "6": [0.6430882352941176, 0.6504411764705882, 0.6605882352941176, 0.6418382352941177, 0.6164705882352941]}