{"Dummy": [0.4636363636363636, 0.4636363636363636, 0.4636363636363636, 0.4636363636363636, 0.4636363636363636], "GaussianNB": [0.24685045948203843, 0.443202614379085, 0.45974358974358975, 0.5088888888888888, 0.49575757575757573], "KNeighbors": [0.38492063492063494, 0.5752380952380952, 0.5198412698412699, 0.5414285714285714, 0.5333333333333333], "SVC": [0.37603174603174605, 0.45095238095238094, 0.4442857142857143, 0.2688888888888889, 0.3815873015873016], "DecisionTree": [0.3974603174603175, 0.4311111111111111, 0.47555555555555556, 0.37, 0.48666666666666664], "RandomForest": [0.06666666666666667, 0.34095238095238095, 0.21333333333333335, 0.32761904761904764, 0.40761904761904766], "XGB": [0.3180952380952381, 0.32380952380952377, 0.43, 0.4552380952380953, 0.4276190476190476]}